{
  "gender": [
    "m",
    "m"
  ],
  "kaldi_transcription": [
    "NOR IS MISTER QUILTER'S MANNER LESS INTERESTING THAN HIS MATTER",
    "MISTER QUILTER IS THE APOSTLE OF THE MIDDLE CLASSES AND WE ARE GLAD TO WELCOME HIS GOSPEL"
  ],
  "log_weights": [
    1.2027951449295022,
    -1.2027951449295022
  ],
  "num_samples": {
    "observation": 38520,
    "speech_source": [
      38520,
      46840
    ]
  },
  "num_speakers": 2,
  "offset": [
    0,
    0
  ],
  "room_dimensions": [
    [
      7.9723973080156
    ],
    [
      5.845159128623383
    ],
    [
      3.1715372179314283
    ]
  ],
  "sensor_position": [
    [
      3.778779467477592,
      3.7681143747369963,
      3.8488902119264705,
      3.9403311418565403,
      3.950996234597136,
      3.8702203974076617
    ],
    [
      2.9874604594018455,
      2.8881312250039186,
      2.829248542259979,
      2.869695093913966,
      2.969024328311893,
      3.0279070110558326
    ],
    [
      1.690949803474932,
      1.6954173521043474,
      1.698262312423248,
      1.6966397241127333,
      1.6921721754833179,
      1.6893272151644172
    ]
  ],
  "snr": 29.749852569493584,
  "sound_decay_time": 0,
  "source_id": [
    "4k0c0301",
    "4k6c030t"
  ],
  "source_position": [
    [
      2.551651234482798,
      4.474764554526479
    ],
    [
      2.696897295027163,
      1.7490068408923405
    ],
    [
      1.6997650039664212,
      1.6997650039664212
    ]
  ],
  "speaker_id": [
    "1272-128104",
    "1272-128104"
  ]
}