{
  "gender": [
    "m",
    "m"
  ],
  "kaldi_transcription": [
    "NOR IS MISTER QUILTER'S MANNER LESS INTERESTING THAN HIS MATTER",
    "MISTER QUILTER IS THE APOSTLE OF THE MIDDLE CLASSES AND WE ARE GLAD TO WELCOME HIS GOSPEL"
  ],
  "log_weights": [
    1.2027951449295022,
    -1.2027951449295022
  ],
  "num_samples": {
    "observation": 38520,
    "speech_source": [
      38520,
      46840
    ]
  },
  "num_speakers": 2,
  "offset": [
    0,
    0
  ],
  "room_dimensions": [
    [
      8.196200148369396
    ],
    [
      6.05928772400428
    ],
    [
      3.1540068920818385
    ]
  ],
  "sensor_position": [
    [
      3.9838568223479323,
      3.8875690355956753,
      3.8161196445077605,
      3.8409580401721035,
      3.9372458269243604,
      4.008695218012275
    ],
    [
      3.228145914987714,
      3.2550905810826256,
      3.185173685427903,
      3.088312123678269,
      3.0613674575833576,
      3.13128435323808
    ],
    [
      1.4017123556043998,
      1.4033393440449058,
      1.4059107668364565,
      1.4068552011875013,
      1.4052282127469953,
      1.4026567899554445
    ]
  ],
  "snr": 29.749852569493584,
  "sound_decay_time": 0.354,
  "source_decay_time": 0,
  "source_id": [
    "4k0c0301",
    "4k6c030t"
  ],
  "source_position": [
    [
      4.084471522275622,
      2.8853602925020017
    ],
    [
      1.205625999603,
      1.7341239390763479
    ],
    [
      1.6594772807620646,
      1.6594772807620646
    ]
  ],
  "speaker_id": [
    "1272-128104",
    "1272-128104"
  ]
}
