{
  "gender": [
    "m",
    "m"
  ],
  "kaldi_transcription": [
    "NOR IS MISTER QUILTER'S MANNER LESS INTERESTING THAN HIS MATTER",
    "MISTER QUILTER IS THE APOSTLE OF THE MIDDLE CLASSES AND WE ARE GLAD TO WELCOME HIS GOSPEL"
  ],
  "log_weights": [
    1.2027951449295022,
    -1.2027951449295022
  ],
  "num_samples": {
    "observation": 38520,
    "speech_source": [
      38520,
      46840
    ]
  },
  "num_speakers": 2,
  "offset": [
    0,
    0
  ],
  "room_dimensions": [
    [
      8.169
    ],
    [
      5.905
    ],
    [
      3.073
    ]
  ],
  "sensor_position": [
    [
      3.899,
      3.8,
      3.759,
      3.817,
      3.916,
      3.957
    ],
    [
      3.199,
      3.189,
      3.098,
      3.017,
      3.027,
      3.118
    ],
    [
      1.413,
      1.418,
      1.423,
      1.423,
      1.417,
      1.413
    ]
  ],
  "snr": 29.749852569493584,
  "sound_decay_time": 0.354,
  "source_id": [
    "4k0c0301",
    "4k6c030t"
  ],
  "source_position": [
    [
      2.443,
      2.71
    ],
    [
      3.104,
      2.135
    ],
    [
      1.557,
      1.557
    ]
  ],
  "speaker_id": [
    "1272-128104",
    "1272-128104"
  ]
}
